{"backtestId":"100557b7-b271-4497-bb97-8f85562577a1","executionTime":305.71272799999997,"cumulativeReturns":[26.682812398184154,26.42415374637291],"winRate":0.3333333333333333,"profitFactor":103.15839896071124,"sharpe":11.009389928216812,"alpha":26.424044157331814,"beta":0,"totalReturns":26.42415374637291,"stdDev":19.050496874592802,"parameterSet":{},"score":1100.9389928216813}